Evolutions,Environment.BC,Diverse.BCs,Decision
02M_NaCl_2N_R1,ACACTAACAACCTTATGTTTTATACT,all,include
02M_NaCl_alpha_R1,AAACAAACTTTCTTTTTTCTTTATGC,all,include
02M_NaCl_alpha_R1,GATACAACTTGGTTTACTCTTAGGGA,all,include
02M_NaCl_alpha_R1,TTGGTAACTGTGTTTTATGTTTTGTT,all,include
02M_NaCl_alpha_R1,ATACTAACACTATTGCTAGTTTACGA,all,include
02M_NaCl_alpha_R1,TACCCAACGAAATTGTGTTTTTTTGA,all,include
02M_NaCl_alpha_R1,TAAATAACAGTTTTTTGTCTTGGTAC,all,include
02M_NaCl_alpha_R1,CTATTAATCATTTTTTTTCTTGTTTT,all,include
02M_NaCl_alpha_R1,AACGTAAATCCATTTCCCATTGATCC,all,include
02M_NaCl_alpha_R1,TAGTGAATTTTATTATATGTTTGGTT,all,include
02M_NaCl_alpha_R1,TTTCTAACAGGGTTAGGCCTTGTTCC,all,include
02M_NaCl_alpha_R1,ATATAAACTTTGTTTGTTCTTTAGGT,all,include
02M_NaCl_alpha_R1,GTCCGAACGCAGTTTCGTGTTAGGGT,all,include
02M_NaCl_alpha_R1,TTAGAAATTGCTTTTCAACTTAAGTA,all,include
02M_NaCl_alpha_R1,GGTTAAAAGTAATTATGCGTTTGGAT,all,include
02M_NaCl_alpha_R1,TATACAATAGGTTTCCCTTTTGAAAT,all,include
02M_NaCl_alpha_R1,CTTGGAATTATTTTAGTTATTCGCAG,all,include
02M_NaCl_alpha_R1,GGCGCAAACATTTTGTTTATTTGAGT,all,include
02M_NaCl_alpha_R1,AAGGCAAGATTCTTGTTCTTTGTAGT,all,include
08M_NaCl_2N_R1,AAACAAACTTTCTTTTTTCTTTATGC,all,include
08M_NaCl_2N_R1,CTATTAATCATTTTTTTTCTTGTTTT,all,include
08M_NaCl_2N_R1,TAGTGAATTTTATTATATGTTTGGTT,all,include
08M_NaCl_2N_R1,AAGGCAAGATTCTTGTTCTTTGTAGT,all,include
08M_NaCl_2N_R1,GGTTAAAAGTAATTATGCGTTTGGAT,all,include
08M_NaCl_2N_R1,TGGGTAAAACCGTTTGGTGTTTTCTA,all,include
08M_NaCl_2N_R1,TTTTGAACCTTATTTGGCCTTGGGAG,all,include
08M_NaCl_2N_R1,TTTTGAACCTTATTTGGCCTTGGGAG,CTTAAAAATCGTAAGAATGTTACAAT;CTAATAACCACAAAACAGCTTATATA;GGTATAAATTATAAATGAGTTTATTG,exclude
08M_NaCl_alpha_R1,ATAAAAAGATTCTTTGCAATTGAGTG,all,include
08M_NaCl_alpha_R1,TCTTTAATTGTTTTGTAAGTTTCATT,all,include
08M_NaCl_alpha_R1,ACATGAACACGTTTGTCGATTATTTC,all,include
08M_NaCl_alpha_R1,CAATTAAAATTGTTGATTTTTCTAAA,all,include
21C_alpha_R1,ATAAAAAGATTCTTTGCAATTGAGTG,all,include
21C_alpha_R1,CACTAAAATTTGTTTGACTTTATTTA,all,include
21C_alpha_R1,GTTATAACAATTTTTCTATTTAAATG,all,include
21C_alpha_R1,ACATGAACACGTTTGTCGATTATTTC,all,include
21C_alpha_R1,AAGCTAAAGTGCTTCTAGGTTTCCCG,all,include
21C_alpha_R1,AAATTAATGCTTTTCTTATTTTTTGT,all,include
21C_alpha_R1,CAATTAAAATTGTTGATTTTTCTAAA,all,include
21C_alpha_R1,TTGGTAACTGTGTTTTATGTTTTGTT,all,include
21C_alpha_R1,CTTGGAATTATTTTAGTTATTCGCAG,all,include
21C_alpha_R1,GTGTCAATCGATTTTTTTGTTATGTA,all,include
37C_2N_R1;37C_2N_R2,TTTTGAACCTTATTTGGCCTTGGGAG,all,include
FLC4_alpha_R1,GACGCAATAATATTTGTGATTGCAGT,all,include
M3_alpha_R1,GGCGTAATCCTATTAAGGATTTCAAT,all,include
M3_alpha_R1,ACTGTAACTCGTTTCTCTGTTTCTAG,all,include
M3_alpha_R1,CATCGAAGCGTCTTTATTTTTACTAG,all,include
pH3_8_2N_R1;pH3_8_2N_R2,TTTCTAATAGCCTTAAGTCTTGTTCA,all,include
pH3_8_2N_R1;pH3_8_2N_R2,GTCCGAACGCAGTTTCGTGTTAGGGT,all,include
pH3_8_2N_R1;pH3_8_2N_R2,TTAGAAATTGCTTTTCAACTTAAGTA,all,include
pH3_8_2N_R1;pH3_8_2N_R2,AAGCAAATAGAATTGTACGTTTGCCA,all,include
pH3_8_2N_R1;pH3_8_2N_R2,TATAAAACCACTTTAAGTGTTCATCA,all,include
pH3_8_2N_R1;pH3_8_2N_R2,TGAGTAACTTTATTGGCGGTTCGGGG,all,include
pH3_8_2N_R1;pH3_8_2N_R2,TGAGTAACTTTATTGGCGGTTCGGGG,CCTGAAACTAGAAAATGCATTGGTAC,exclude
pH7_3_2N_R1;pH7_3_2N_R2,GTCGGAAGGATCTTAAGTCTTGCTGA,all,include
pH7_3_2N_R1;pH7_3_2N_R2,GATACAACTTGGTTTACTCTTAGGGA,all,include
pH7_3_2N_R1;pH7_3_2N_R2,ATTTCAAGATTCTTTACGGTTGGGGG,all,include
pH7_3_2N_R1;pH7_3_2N_R2,AAGGCAACCTGTTTCATTTTTAATTA,all,include
pH7_3_2N_R1;pH7_3_2N_R2,CTATTAATCATTTTTTTTCTTGTTTT,all,include
pH7_3_2N_R1;pH7_3_2N_R2,TTGGTAACTGTGTTTTATGTTTTGTT,all,include
pH7_3_2N_R1;pH7_3_2N_R2,CTCGGAAATTATTTATTTTTTCATAA,all,include
pH7_3_2N_R1;pH7_3_2N_R2,TTTTGAACCTTATTTGGCCTTGGGAG,all,include
pH7_3_2N_R1;pH7_3_2N_R2,ATACTAACACTATTGCTAGTTTACGA,all,include
pH7_3_2N_R1;pH7_3_2N_R2,AACGTAAATCCATTTCCCATTGATCC,all,include
pH7_3_2N_R1;pH7_3_2N_R2,CTTGGAATTATTTTAGTTATTCGCAG,all,include
pH7_3_2N_R1;pH7_3_2N_R2,TACCCAACGAAATTGTGTTTTTTTGA,all,include
pH7_3_2N_R1;pH7_3_2N_R2,GGCGCAAACATTTTGTTTATTTGAGT,all,include
pH7_3_2N_R1;pH7_3_2N_R2,GTGTCAATCGATTTTTTTGTTATGTA,all,include
pH7_3_2N_R1;pH7_3_2N_R2,TAAATAACAGTTTTTTGTCTTGGTAC,all,include
pH7_3_2N_R1;pH7_3_2N_R2,CGTAAAATGGGGTTGCCAATTTTGGC,all,include
YPD_2N_R1;YPD_2N_R2,TAAGAAAAGCATTTTACTTTTGTTAA,all,include
YPD_2N_R1;YPD_2N_R2,TGAGTAACTTTATTGGCGGTTCGGGG,all,include
pH7_3_2N_R2,ATATAAACTTTGTTTGTTCTTTAGGT,TACCTAATCACAAAGCCAGTTCTTCG;TTGCGAAACTCGAAGAAGCTTAGCGG,exclude
48Hr_2N_R2,GAACAAAAAATCTTGAGACTTCCAAC,CACGTAAGGTTGAAGAGGATTGGAGT;TTCGAAACACCTAATGCGATTATTGT;AACGCAACGAAGAAAGTTTTTATATT;TATAAAAACTAAAATAGTATTTTTAG,exclude
48Hr_2N_R2,TACATAATCGGTTTGCCTGTTGCTTC,ATGATAAACTAGAAACTGCTTAAAAT;CTAGAAAGCTGGAACGAAGTTAACGA,exclude
48Hr_2N_R2,TTCTAAAGTCTCTTGACTTTTGATTA,CAACTAATGGGAAAAATTGTTGTTAC,exclude
37C_2N_R1,TCATGAAACACATTCATCGTTTACGA,TTGTAAATCGCTAACGAATTTGGGCA,exclude