Environment.BC,Putative.Environment,From.Sanger
ACGCAAATAGATTTGGGATTTGGTTA,02M_NaCl_2N,02M_NaCl_2N
TTTCTAATAGCCTTAAGTCTTGTTCA,02M_NaCl_2N,02M_NaCl_2N
CGTAAAATATTATTATCACTTGCACG,02M_NaCl_2N,02M_NaCl_2N
ACGCTAATTAGGTTATGGTTTAGAGC,02M_NaCl_2N,02M_NaCl_2N
TATGCAACTTCATTTCAGTTTTATTG,02M_NaCl_2N,02M_NaCl_2N
AATTCAAAACATTTTGTAATTTCGGC,02M_NaCl_2N,02M_NaCl_2N
GTGTCAATCGATTTTTTTGTTATGTA,02M_NaCl_2N,02M_NaCl_2N
TACCCAACGAAATTGTGTTTTTTTGA,02M_NaCl_2N,02M_NaCl_2N
GTTATAACAATTTTTCTATTTAAATG,02M_NaCl_alpha,02M_NaCl_alpha
ACGTCAATACATTTGAACGTTTCTTT,02M_NaCl_alpha,02M_NaCl_alpha
TCCAAAAGGCATTTTATAATTGGCCT,02M_NaCl_alpha,02M_NaCl_alpha
GTAAAAACTCCATTGTCTATTTTTTA,02M_NaCl_alpha,02M_NaCl_alpha
AACCAAAAACGGTTGCCCTTTTACGT,02M_NaCl_alpha,02M_NaCl_alpha
AGTAGAATGTTTTTGAATGTTAAATG,02M_NaCl_alpha,02M_NaCl_alpha
ATCGCAACAGTATTGACTTTTTTGTG,02M_NaCl_alpha,02M_NaCl_alpha
ATATTAATTGTGTTTTAATTTTAATC,08M_NaCl_2N,08M_NaCl_2N
GTCGGAAGGATCTTAAGTCTTGCTGA,08M_NaCl_2N,08M_NaCl_2N
TTTACAAGGTCGTTATGCATTGTCGA,08M_NaCl_2N,08M_NaCl_2N
ACTTTAATAATCTTTTTTGTTCTTTT,08M_NaCl_2N,08M_NaCl_2N
TAACAAACAAATTTGGGATTTTAACT,08M_NaCl_2N,08M_NaCl_2N
ATGAAAAAAGTGTTCCTGTTTTTTCG,08M_NaCl_2N,08M_NaCl_2N
CAAATAAAACTCTTTAAATTTCGTGA,08M_NaCl_2N,08M_NaCl_2N
CAATCAATTGTTTTATTCATTTTATC,08M_NaCl_2N,08M_NaCl_2N
TACACAATGCATTTAGGCCTTATGCA,08M_NaCl_2N,08M_NaCl_2N
TTTCTAAAGGCCTTCATTGTTTTAGA,08M_NaCl_2N,08M_NaCl_2N
TTTTTAAGCGTGTTCCAGATTATAAC,08M_NaCl_2N,08M_NaCl_2N
AAATGAACGCACTTGACATTTTTTGT,08M_NaCl_alpha,08M_NaCl_alpha
CATATAAAAAGGTTGTTATTTTGGCT,08M_NaCl_alpha,08M_NaCl_alpha
GATAAAACTTGTTTCAGGTTTAGGGA,08M_NaCl_alpha,08M_NaCl_alpha
ATGTAAATGTAATTAAAATTTAAGAT,08M_NaCl_alpha,08M_NaCl_alpha
AAGCAAATAGAATTGTACGTTTGCCA,21C_2N,21C_2N
ACGAGAAGTCTATTACATATTTAATT,21C_2N,21C_2N
AGGCAAATAAGTTTGAAATTTAGGTA,21C_2N,21C_2N
CACATAACATGCTTTTTAATTTGTCG,21C_2N,21C_2N
CACTTAACTTGGTTAACGTTTGCCAG,21C_2N,21C_2N
CGGGGAATATTCTTCAGTTTTGCGGT,21C_2N,21C_2N
CGGTTAATGGCTTTCTTCTTTGCTTG,21C_2N,21C_2N
GTCGTAATAAATTTAAATCTTGTGAT,21C_2N,21C_2N
TTATCAAACTTGTTTTTCGTTCCATG,21C_2N,21C_2N
AGATGAACAATATTGAGGATTTTTCT,21C_2N,None
ACCTGAAAAGTCTTCAATTTTTGTCA,21C_alpha,21C_alpha
CCAGAAATCATATTTTTATTTATTAA,21C_alpha,21C_alpha
CATCGAAGCGTCTTTATTTTTACTAG,21C_alpha,21C_alpha
GCAATAATGCTCTTGACTTTTGATTT,21C_alpha,21C_alpha
CCTGAAATCATTTTACCCATTCCGTA,21C_alpha,21C_alpha
AACGAAACAGTGTTGTAATTTTGTGA,37C_2N,37C_2N
CCCAGAATGGGGTTTGTGTTTTAGGA,37C_2N,37C_2N
GGTTAAAAGTAATTATGCGTTTGGAT,37C_2N,37C_2N
TCATGAAACACATTCATCGTTTACGA,37C_2N,37C_2N
ACACTAACAACCTTATGTTTTATACT,48Hr_2N,48Hr_2N
ACTATAAAACCATTATTCTTTCATGG,48Hr_2N,48Hr_2N
GATGTAAAAGACTTGTTATTTAGTTT,48Hr_2N,48Hr_2N
TAACCAATTTGGTTGCGTCTTCGTAG,48Hr_2N,48Hr_2N
GAGTAAATTGATTTGTTATTTATCTG,48Hr_2N,48Hr_2N
GAACAAAAAATCTTGAGACTTCCAAC,48Hr_2N,48Hr_2N
TACATAATCGGTTTGCCTGTTGCTTC,48Hr_2N,48Hr_2N
TTCTAAAGTCTCTTGACTTTTGATTA,48Hr_2N,48Hr_2N
ATTTCAAGATTCTTTACGGTTGGGGG,CLM_2N,CLM_2N
GTTTAAAACGGTTTTCTTTTTAGTTG,CLM_2N,CLM_2N
TTATTAACTTCATTAGTAATTTGTTG,CLM_2N,CLM_2N
TTCCCAAGCGAATTATATTTTTGAGA,CLM_alpha,CLM_alpha
ACGGGAAGCCAGTTGGGGCTTGCAGG,CLM_alpha,CLM_alpha
AGCTTAAGCGATTTATCGTTTCATCC,CLM_alpha,CLM_alpha
CAACAAAAGCGTTTTTTACTTGTAAT,CLM_alpha,CLM_alpha
CTAGCAATGGTATTGGAGTTTCCTCT,CLM_alpha,CLM_alpha
TAATTAACATCATTTAGTGTTACTGA,CLM_alpha,CLM_alpha
TACAAAACACGTTTTCGGCTTAGCAA,CLM_alpha,CLM_alpha
TTACTAAAAGTCTTCTATGTTTTCAT,CLM_alpha,CLM_alpha
AAGCTAAAGTGCTTCTAGGTTTCCCG,CLM_alpha,CLM_alpha
TTGAGAATTTCATTATGGCTTTTCTG,CLM_alpha,None
TGACTAATGTGGTTCCCTATTGTCCA,CLM_alpha,None
CAACAAACCACATTATGTCTTTAGCG,complicated,None
GGCGCAAACATTTTGTTTATTTGAGT,complicated-02M_NaCl_2N,02M_NaCl_2N
ATACTAACACTATTGCTAGTTTACGA,complicated-08M_NaCl_2N,08M_NaCl_2N
AAATTAATGCTTTTCTTATTTTTTGT,complicated-08M_NaCl_alpha,08M_NaCl_alpha
TTGGTAACTGTGTTTTATGTTTTGTT,complicated-21C_2N,21C_2N
TAAATAACAGTTTTTTGTCTTGGTAC,complicated-48Hr_2N,48Hr_2N
GATACAACTTGGTTTACTCTTAGGGA,complicated-48Hr_2N,48Hr_2N
TTTTGAACCTTATTTGGCCTTGGGAG,complicated-CLM_2N,CLM_2N
CTATTAATCATTTTTTTTCTTGTTTT,complicated-FLC4_2N,FLC4_2N
CTTGGAATTATTTTAGTTATTCGCAG,complicated-pH3_8_2N,pH3_8_2N
TTTCTAACAGGGTTAGGCCTTGTTCC,complicated-pH7_3_2N,pH7_3_2N
TGAGTAACTTTATTGGCGGTTCGGGG,contam-08M_NaCl_2N,None
GTCCGAACGCAGTTTCGTGTTAGGGT,contam-21C_2N,21C_2N
TCTACAACCCCATTTCGTATTTGAAT,contam-48Hr_alpha,48Hr_alpha
GATCTAATCAGGTTTTGCGTTTTCAC,contam-48Hr_alpha,48Hr_alpha
AACGTAAATCCATTTCCCATTGATCC,contam-GlyEtOH_2N,GlyEtOH_2N
GACGCAATAATATTTGTGATTGCAGT,contam-pH3_8_2N,pH3_8_2N
AAACAAACTTTCTTTTTTCTTTATGC,contam-pH3_8_2N,pH3_8_2N
TAGTGAATTTTATTATATGTTTGGTT,contam-pH3_8_2N,pH3_8_2N
ACGTTAACATTCTTTACTCTTTGGCA,contam-SC_2N,None
TTAGAAATTGCTTTTCAACTTAAGTA,contam-YPD_2N,YPD_2N
AGGTAAAACCACTTCCCAATTTGGGC,FLC4_2N,FLC4_2N
ATGGTAAAAGTGTTATCCATTGTGGA,FLC4_2N,FLC4_2N
ATTTAAAGCAAGTTCCATCTTATCGC,FLC4_2N,FLC4_2N
CCATGAACATATTTGTCAATTACTTA,FLC4_2N,FLC4_2N
ATGTCAACAACTTTTTTGTTTGGCTT,FLC4_2N,FLC4_2N
ATTCAAACAGTATTTTAGTTTATGTA,FLC4_2N,FLC4_2N
GACACAAGATAGTTACATGTTCGCGT,FLC4_2N,FLC4_2N
GGGGCAACGCGGTTCCGGGTTGCTGG,FLC4_2N,FLC4_2N
TGCTGAAATGGCTTGAATTTTACTTG,FLC4_2N,FLC4_2N
CATGTAAACATCTTCTGCATTCATAT,FLC4_2N,None
TTCAGAATCTTGTTCTTGCTTTCTAG,FLC4_2N,None
TCCTAAACGGAATTTTTTCTTCACCT,FLC4_alpha,FLC4_alpha
CCCGAAAAAGTTTTTTATCTTCAATG,FLC4_alpha,FLC4_alpha
TTTGAAAAGAATTTGTCGTTTTTGTC,FLC4_alpha,FLC4_alpha
GTATAAACATTTTTTATACTTATTTA,FLC4_alpha,FLC4_alpha
ATCACAATATGTTTACGTATTGTCCT,GlyEtOH_2N,GlyEtOH_2N
CATTTAATAGTGTTTGCGTTTAATCT,GlyEtOH_2N,GlyEtOH_2N
CCTCAAAGCAAATTGTTTGTTTACGT,GlyEtOH_2N,GlyEtOH_2N
CGAATAATCAAGTTTATTGTTTAATT,GlyEtOH_2N,GlyEtOH_2N
GGGACAAGTGGGTTGGAGGTTGGGGG,GlyEtOH_2N,GlyEtOH_2N
TACATAAAAAGTTTAACGATTTCATC,GlyEtOH_2N,GlyEtOH_2N
TGCGAAAGGATGTTAAGAGTTTTCGG,GlyEtOH_2N,GlyEtOH_2N
GCCGAAACAGGGTTGCGGGTTGGAGG,GlyEtOH_alpha,GlyEtOH_alpha
AATAGAATCATCTTACTTCTTATTAC,GlyEtOH_alpha,GlyEtOH_alpha
CGATCAACAGTGTTGCGCTTTATACG,GlyEtOH_alpha,GlyEtOH_alpha
GATTAAAGCCTGTTGCATTTTAGTCG,GlyEtOH_alpha,GlyEtOH_alpha
GCTTTAACAGATTTTCCTTTTTCTGC,GlyEtOH_alpha,GlyEtOH_alpha
AGGAGAACGGGGTTGGGGGTTGGGGG,GlyEtOH_alpha,GlyEtOH_alpha
GTACGAAGCGGGTTGAGGATTGGGGG,GlyEtOH_alpha,GlyEtOH_alpha
GGTAAAACCAGATTTGGCATTCACTA,GlyEtOH_alpha,GlyEtOH_alpha
ATTTGAAGCTTGTTATGTATTTGCGT,GlyEtOH_alpha,GlyEtOH_alpha
AAGGAAACACGTTTGATCGTTCATGT,GlyEtOH_alpha,GlyEtOH_alpha
ATGCGAATAGATTTATCGCTTACTTT,GlyEtOH_alpha,GlyEtOH_alpha
GTCATAAACAGTTTGAGTATTGCTGC,mult-08M_NaCl_2N-02M_NaCl_2N,08M_NaCl_2N
TAAGAAAAGCATTTTACTTTTGTTAA,mult-08M_NaCl_2N-pH3_8_2N,08M_NaCl_2N
ACACGAAACAATTTTTCCGTTAATAT,mult-37C_2N-YPD_2N,37C_2N
TCTTTAATTGTTTTGTAAGTTTCATT,mult-37C_alpha-21C_alpha,37C_alpha
TCATTAAATAAATTGGTCATTTCTAA,mult-FLC4_alpha-02M_NaCl_alpha,02M_NaCl_alpha
AACTAAATACCCTTTCAATTTGATGC,mult-GlyEtOH_2N-pH3_8_2N,GlyEtOH_2N
TTGTAAACTATTTTGAATCTTTTCAT,mult-GlyEtOH_alpha-CLM_alpha,CLM_alpha
TTAAAAATGCAATTAGAATTTATATT,mult-pH3_8_alpha-21C_alpha,pH3_8_alpha
TGGCAAATATAATTTTTAGTTCGTAC,mult-SC_2N-48Hr_2N,SC_2N
CTAAGAAAGCGATTCGTGTTTGAATG,mult-YPD_2N-SC_2N,YPD_2N
TATACAATAGGTTTCCCTTTTGAAAT,pH3_8_2N,pH3_8_2N
AATTAAAAAGTTTTGGTCGTTAATGT,pH3_8_2N,pH3_8_2N
ACTCAAATTAGGTTATCTGTTCTCTT,pH3_8_2N,pH3_8_2N
ATACTAAACGACTTAGTGCTTGTTGA,pH3_8_2N,pH3_8_2N
CTCAAAATTTAATTGCCGTTTCTTGT,pH3_8_2N,pH3_8_2N
GCGCGAACTGCGTTAAGGGTTGAGGG,pH3_8_2N,pH3_8_2N
TATCAAAAATATTTTGGACTTTTAGT,pH3_8_2N,pH3_8_2N
TGCCGAAGATGGTTTCGGTTTATATC,pH3_8_2N,pH3_8_2N
TTGGGAAAAGCTTTGCCTATTTGGGG,pH3_8_2N,pH3_8_2N
GTTACAATGGTTTTTACTCTTGCTCT,pH3_8_2N,None
CGCTTAATGGTGTTCGATTTTTGCAG,pH7_3_2N,pH7_3_2N
TGTTAAAAGAGGTTAAAGATTAAAGA,pH7_3_2N,pH7_3_2N
AATTTAAACAGCTTTTCACTTACTTA,pH7_3_2N,pH7_3_2N
CTCCTAAAGGTATTCTTAATTCAACT,pH7_3_2N,pH7_3_2N
GAGGCAATGGGGTTGCGTGTTTAAAG,pH7_3_2N,pH7_3_2N
TCTTAAATCCTGTTCGCGTTTTTGGA,pH7_3_2N,pH7_3_2N
AAGGTAATAGAGTTTTTCTTTGAGTA,pH7_3_2N,pH7_3_2N
ATATAAACTTTGTTTGTTCTTTAGGT,pH7_3_2N,pH7_3_2N
CCATGAAAATCGTTTATAATTCTTTC,pH7_3_2N,pH7_3_2N
CGAGAAACAAGTTTGTAACTTGCGGG,pH7_3_2N,pH7_3_2N
GATCAAACAGGTTTACTACTTCACTC,pH7_3_2N,pH7_3_2N
ATATTAATTACCTTGTAGGTTTTGTT,pH7_3_2N,pH7_3_2N
CACTTAACCTCTTTTGTGTTTAGGCG,pH7_3_2N,pH7_3_2N
TTACAAAATCTTTTCGCGATTATAAT,sanger-37C_alpha,37C_alpha
GGGGGAAGGGGGTTGCGCATTACCGG,sanger-37C_alpha,37C_alpha
GCTCCAATAGAATTTATTGTTTATAG,sanger-37C_alpha,37C_alpha
GAAAAAAGATAATTATGTATTTAACA,sanger-37C_alpha,37C_alpha
CGCAAAATATCTTTTCAGCTTGTCTG,sanger-37C_alpha,37C_alpha
AACTGAATAAAATTTCTCATTAAAGG,sanger-37C_alpha,37C_alpha
GGGGGAAGACAGTTATTGGTTGGCTC,sanger-37C_alpha,37C_alpha
TCACCAATACGCTTCAGTTTTTAATT,sanger-37C_alpha,37C_alpha
GAATTAAACTTCTTAAACATTATGTT,sanger-37C_alpha,37C_alpha
GCACGAATTCGTTTGTTCCTTTCGTT,sanger-37C_alpha,37C_alpha
CGATAAAGACCGTTGATTTTTAATAT,sanger-37C_alpha,37C_alpha
GGTTTAATGTCATTAGCTTTTCTATT,sanger-37C_alpha,37C_alpha
TACCTAAAACGATTGAGTTTTGGTTC,sanger-37C_alpha,37C_alpha
TCTGTAACATTGTTAAAATTTCCATG,sanger-37C_alpha,37C_alpha
AAATAAACTATGTTATCCGTTTGTCG,sanger-48Hr_alpha,48Hr_alpha
AACCCAAGCGAGTTAATGTTTATAGT,sanger-48Hr_alpha,48Hr_alpha
TATAAAAGCAACTTTACGGTTTCCGT,sanger-48Hr_alpha,48Hr_alpha
TGGGTAAAACCGTTTGGTGTTTTCTA,sanger-48Hr_alpha,48Hr_alpha
GGGTTAATGATGTTTATAATTATGTT,sanger-pH3_8_alpha,pH3_8_alpha
TCGCAAAACTAATTTTGAGTTTCTAC,sanger-pH3_8_alpha,pH3_8_alpha
AATTGAATTGACTTCGGACTTCGTAT,sanger-pH3_8_alpha,pH3_8_alpha
TATTTAAGATTGTTTATCTTTCGTGT,sanger-pH3_8_alpha,pH3_8_alpha
ATGAGAAGCTCCTTGTTCCTTGACGG,sanger-pH3_8_alpha,pH3_8_alpha
ACTTAAACGAGGTTTTCAATTACAAT,sanger-pH3_8_alpha,pH3_8_alpha
AATCGAACCCTATTGTGGTTTTAGTT,sanger-pH3_8_alpha,pH3_8_alpha
AACGCAATTGTTTTAGTCCTTTGGAT,sanger-pH3_8_alpha,pH3_8_alpha
CCTTCAATATTTTTAATATTTTTGTC,sanger-pH3_8_alpha,pH3_8_alpha
AGCAAAATTCCTTTACAGTTTTTGTA,sanger-pH3_8_alpha,pH3_8_alpha
GCTACAAGTTGTTTCTCAGTTAACAT,sanger-pH3_8_alpha,pH3_8_alpha
GAACAAATCACTTTGAAGCTTCTTCT,sanger-pH3_8_alpha,pH3_8_alpha
TAGCGAACCAGATTATAAATTATTAG,sanger-pH7_3_alpha,pH7_3_alpha
TGCTAAAGTGTATTTTTCCTTACAAA,sanger-pH7_3_alpha,pH7_3_alpha
CTATTAACTGATTTTTCTCTTTCGAA,sanger-pH7_3_alpha,pH7_3_alpha
CGTAAAATGGGGTTGCCAATTTTGGC,SC_2N,SC_2N
GACAGAATGTGGTTTAGCGTTTCGTC,SC_2N,SC_2N
AATACAACTCCATTGATATTTCGACT,SC_2N,SC_2N
GAATCAATCAAGTTTCTGTTTCACTC,SC_2N,SC_2N
CACCTAAATTAGTTATCCATTCGGCT,SC_2N,SC_2N
AAGGCAAGATTCTTGTTCTTTGTAGT,SC_2N,SC_2N
TATAAAACCACTTTAAGTGTTCATCA,SC_2N,None
TTATTAAAGCTGTTCTTTGTTCGTTC,SC_alpha,SC_alpha
ATAAAAAGATTCTTTGCAATTGAGTG,SC_alpha,SC_alpha
ATTTAAATAAACTTTGCGCTTTTACT,SC_alpha,SC_alpha
CCGCCAATCATATTGTACTTTCAAGG,SC_alpha,SC_alpha
GACCCAAGGGTGTTCGTAATTCCGCA,SC_alpha,SC_alpha
TACACAAGAGGGTTTCTGTTTTATGG,SC_alpha,SC_alpha
GGGTCAAAGGGGTTTAAGTTTGTTCG,SC_alpha,SC_alpha
TATCAAATACACTTACCTATTTCCCT,unknown,02M_NaCl_alpha
AATTTAACTTTGTTAATCATTACTTT,unknown,None
CATGTAATCACGTTCCGTTTTAAAAT,unknown,None
CTATAAATATGTAACACCATTGCTAG,unknown,None
CAATTAAAATTGTTGATTTTTCTAAA,unknown,48Hr_2N
TTAAGAATTGGCTTGGCTGTTTGAAA,unknown,None
TATATAACCGGATTCTTACTTTAACG,unknown,None
TTGTCAATAGTGTTGATAATTAAGCA,unknown,21C_2N
ATGTGAAGGCCTTTGTTCGTTGTCTT,unknown,None
TTTGCAAAATACTTAGCTTTTTGGT,unknown,None
CACTAAAATTTGTTTGACTTTATTTA,unknown,02M_NaCl_alpha
TAACAAAAAAAATTCGTTTTTTATAT,unknown,None
TACTGAATAGTCTTTCAACTTCATAG,unknown,None
ATTGGAACATCTTTAGTATTTAATAC,unknown,pH7_3_alpha
CCATGAAAATCGTTTATATTAATTA,unknown,None
TCATAAATATGGAAAAATTTTTCGTG,unknown,None
TTTACAAGGTCGTAATCAATTTACAA,unknown,None
GGCGTAATCCTATTAAGGATTTCAAT,unknown,48Hr_alpha
TTTTAAACAACATTGAATGTTATATA,unknown,None
TAGATAATTCGCTTGGACATTCACTG,unknown,None
TCGACAATCTAGTTAATATTTGAATA,unknown,None
ACATGAACACGTTTGTCGATTATTTC,unknown,37C_alpha
TGTATAAAGTAGAAAGAGTTTCACTG,unknown,None
CTCGGAAATTATTTATTTTTTCATAA,unknown,None
AAGGCAACCTGTTTCATTTTTAATTA,YPD_2N,YPD_2N
ACTAAAAAGAGCTTGATAGTTCTTTG,YPD_2N,YPD_2N
ACTAAAATGTATTTTATTATTAGTAA,YPD_2N,YPD_2N
TGATTAAACAGATTATCTTTTATATT,YPD_2N,YPD_2N
GGGTGAAACGAGTTGATTGTTACGGC,YPD_2N,YPD_2N
TAGATAATAGGGTTTGTCCTTATTTT,YPD_2N,YPD_2N
CATTTAATTTTCTTGGAGTTTTATTA,YPD_2N,YPD_2N
TATAGAAAACGATTTGAGGTTTGTCC,YPD_2N,YPD_2N
AACGAAATGACATTGCTCTTTCTTTC,YPD_alpha,YPD_alpha
ACAAAAATAATTTTACTTTTTCTTGG,YPD_alpha,YPD_alpha
GAAAGAATAGTTTTAGTCTTTGGCTT,YPD_alpha,YPD_alpha
TGCTAAAAAAATTTCTAGATTACGAT,YPD_alpha,YPD_alpha
TTCTTAACCCTTTTGGATATTATTAA,YPD_alpha,YPD_alpha
ACTGTAACTCGTTTCTCTGTTTCTAG,YPD_alpha,YPD_alpha
AGAAAAACCATTTTCGTATTTTATAG,YPD_alpha,YPD_alpha
TGATCAACAGTCTTTTGGATTTTATT,YPD_alpha,YPD_alpha
CTCTGAATCCACTTAACGATTTCGGG,unknown,unknown